Source,Target,Type,patent_number_of_citator,patent_number_of_cited,data
,,Directed,citator_patent_number,patent_number
,,Directed,"5,714,573","5,357,035"
,,Directed,"5,922,832","5,357,035"
,,Directed,"6,153,231","5,357,035"
,,Directed,"6,229,046","5,357,035"
,,Directed,"6,277,951","5,357,035"
,,Directed,"6,320,077","5,357,035"
,,Directed,"6,475,759","5,357,035"
,,Directed,"6,495,631","5,357,035"
,,Directed,"6,534,679","5,357,035"
,,Directed,"6,613,363","5,357,035"
,,Directed,"6,875,839","5,357,035"
,,Directed,"7,144,977","5,357,035"
,,Directed,"7,300,787","5,357,035"
,,Directed,"7,326,659","5,357,035"
,,Directed,"7,723,461","5,357,035"
,,Directed,"7,771,493","5,357,035"
,,Directed,"7,914,881","5,357,035"
,,Directed,"7,943,566","5,357,035"
,,Directed,"7,947,644","5,357,035"
,,Directed,"7,980,024","5,357,035"
,,Directed,"8,101,271","5,357,035"
,,Directed,"8,110,395","5,357,035"
,,Directed,"8,231,978","5,357,035"
,,Directed,"8,383,835","5,357,035"
,,Directed,"8,431,678","5,357,035"
,,Directed,"8,507,253","5,357,035"
,,Directed,"8,507,264","5,357,035"
,,Directed,"8,552,209","5,357,035"
,,Directed,"8,674,056","5,357,035"
,,Directed,"8,790,786","5,357,035"
,,Directed,"8,859,262","5,357,035"
,,Directed,"8,877,488","5,357,035"
,,Directed,"9,035,076","5,357,035"
,,Directed,"9,115,467","5,357,035"
,,Directed,"9,309,018","5,357,035"
,,Directed,"9,334,518","5,357,035"
,,Directed,"9,371,550","5,357,035"
,,Directed,"9,388,442","5,357,035"
,,Directed,"9,410,216","5,357,035"
,,Directed,"9,464,334","5,357,035"
,,Directed,"9,476,106","5,357,035"
,,Directed,"9,493,851","5,357,035"
,,Directed,"9,512,495","5,357,035"
,,Directed,"9,611,516","5,357,035"
,,Directed,"9,631,246","5,357,035"
,,Directed,"9,650,687","5,357,035"
,,Directed,"9,663,836","5,357,035"
,,Directed,"9,708,761","5,357,035"
,,Directed,"9,783,861","5,357,035"
,,Directed,"9,816,231","5,357,035"
,,Directed,"5,498,650","5,360,892"
,,Directed,"5,563,238","5,360,892"
,,Directed,"5,635,447","5,360,892"
,,Directed,"5,646,133","5,360,892"
,,Directed,"5,709,890","5,360,892"
,,Directed,"5,722,303","5,360,892"
,,Directed,"5,807,566","5,360,892"
,,Directed,"5,945,480","5,360,892"
,,Directed,"5,952,433","5,360,892"
,,Directed,"6,083,524","5,360,892"
,,Directed,"6,106,753","5,360,892"
,,Directed,"6,153,231","5,360,892"
,,Directed,"6,177,095","5,360,892"
,,Directed,"6,217,630","5,360,892"
,,Directed,"6,258,382","5,360,892"
,,Directed,"6,350,518","5,360,892"
,,Directed,"6,552,162","5,360,892"
,,Directed,"6,613,363","5,360,892"
,,Directed,"6,664,333","5,360,892"
,,Directed,"6,672,001","5,360,892"
,,Directed,"6,844,077","5,360,892"
,,Directed,"7,070,795","5,360,892"
,,Directed,"RE39,713","5,360,892"
,,Directed,"7,445,841","5,360,892"
,,Directed,"7,452,546","5,360,892"
,,Directed,"7,608,329","5,360,892"
,,Directed,"7,638,090","5,360,892"
,,Directed,"7,754,156","5,360,892"
,,Directed,"7,989,061","5,360,892"
,,Directed,"8,114,342","5,360,892"
,,Directed,"8,178,042","5,360,892"
,,Directed,"8,277,724","5,360,892"
,,Directed,"8,343,710","5,360,892"
,,Directed,"8,758,679","5,360,892"
,,Directed,"8,851,084","5,360,892"
,,Directed,"8,932,535","5,360,892"
,,Directed,"8,992,837","5,360,892"
,,Directed,"9,085,660","5,360,892"
,,Directed,"9,180,196","5,360,892"
,,Directed,"5,817,472","5,366,508"
,,Directed,"5,855,608","5,366,508"
,,Directed,"5,904,717","5,366,508"
,,Directed,"5,919,234","5,366,508"
,,Directed,"5,935,594","5,366,508"
,,Directed,"5,939,323","5,366,508"
,,Directed,"5,942,496","5,366,508"
,,Directed,"5,962,427","5,366,508"
,,Directed,"5,964,807","5,366,508"
,,Directed,"5,981,825","5,366,508"
,,Directed,"5,984,967","5,366,508"
,,Directed,"6,005,161","5,366,508"
,,Directed,"6,074,840","5,366,508"
,,Directed,"6,077,076","5,366,508"
,,Directed,"6,083,264","5,366,508"
,,Directed,"6,136,029","5,366,508"
,,Directed,"6,143,036","5,366,508"
,,Directed,"6,214,049","5,366,508"
,,Directed,"6,240,926","5,366,508"
,,Directed,"6,264,701","5,366,508"
,,Directed,"6,294,202","5,366,508"
,,Directed,"6,296,667","5,366,508"
,,Directed,"6,299,905","5,366,508"
,,Directed,"6,300,127","5,366,508"
,,Directed,"6,302,916","5,366,508"
,,Directed,"6,371,988","5,366,508"
,,Directed,"6,444,803","5,366,508"
,,Directed,"6,461,385","5,366,508"
,,Directed,"6,471,993","5,366,508"
,,Directed,"6,485,521","5,366,508"
,,Directed,"6,521,750","5,366,508"
,,Directed,"6,527,810","5,366,508"
,,Directed,"6,528,483","5,366,508"
,,Directed,"6,551,618","5,366,508"
,,Directed,"6,569,442","5,366,508"
,,Directed,"6,613,091","5,366,508"
,,Directed,"6,632,247","5,366,508"
,,Directed,"6,645,206","5,366,508"
,,Directed,"6,703,041","5,366,508"
,,Directed,"6,733,787","5,366,508"
,,Directed,"6,774,105","5,366,508"
,,Directed,"6,776,800","5,366,508"
,,Directed,"6,858,431","5,366,508"
,,Directed,"6,899,107","5,366,508"
,,Directed,"6,923,985","5,366,508"
,,Directed,"6,966,929","5,366,508"
,,Directed,"6,986,788","5,366,508"
,,Directed,"7,083,649","5,366,508"
,,Directed,"7,087,087","5,366,508"
,,Directed,"7,112,320","5,366,508"
,,Directed,"7,122,205","5,366,508"
,,Directed,"7,238,186","5,366,508"
,,Directed,"7,273,496","5,366,508"
,,Directed,"7,276,081","5,366,508"
,,Directed,"7,300,465","5,366,508"
,,Directed,"7,309,232","5,366,508"
,,Directed,"7,320,707","5,366,508"
,,Directed,"7,427,284","5,366,508"
,,Directed,"7,452,379","5,366,508"
,,Directed,"7,481,839","5,366,508"
,,Directed,"7,481,840","5,366,508"
,,Directed,"7,497,859","5,366,508"
,,Directed,"7,503,935","5,366,508"
,,Directed,"7,520,899","5,366,508"
,,Directed,"7,575,600","5,366,508"
,,Directed,"7,588,550","5,366,508"
,,Directed,"7,601,176","5,366,508"
,,Directed,"7,670,377","5,366,508"
,,Directed,"7,691,146","5,366,508"
,,Directed,"7,718,616","5,366,508"
,,Directed,"7,727,399","5,366,508"
,,Directed,"7,740,897","5,366,508"
,,Directed,"7,767,221","5,366,508"
,,Directed,"7,842,097","5,366,508"
,,Directed,"7,850,633","5,366,508"
,,Directed,"7,867,232","5,366,508"
,,Directed,"7,923,250","5,366,508"
,,Directed,"7,981,156","5,366,508"
,,Directed,"8,021,318","5,366,508"
,,Directed,"8,043,377","5,366,508"
,,Directed,"8,083,706","5,366,508"
,,Directed,"8,092,684","5,366,508"
,,Directed,"8,097,153","5,366,508"
,,Directed,"8,097,162","5,366,508"
,,Directed,"8,227,246","5,366,508"
,,Directed,"8,257,593","5,366,508"
,,Directed,"8,308,340","5,366,508"
,,Directed,"8,470,180","5,366,508"
,,Directed,"8,470,421","5,366,508"
,,Directed,"8,491,516","5,366,508"
,,Directed,"8,496,606","5,366,508"
,,Directed,"8,613,938","5,366,508"
,,Directed,"8,690,874","5,366,508"
,,Directed,"8,742,072","5,366,508"
,,Directed,"8,753,391","5,366,508"
,,Directed,"8,802,122","5,366,508"
,,Directed,"8,864,843","5,366,508"
,,Directed,"9,034,356","5,366,508"
,,Directed,"9,427,495","5,366,508"
,,Directed,"9,487,753","5,366,508"
,,Directed,"5,691,424","5,409,751"
,,Directed,"5,708,050","5,409,751"
,,Directed,"5,760,144","5,409,751"
,,Directed,"6,159,416","5,409,751"
,,Directed,"6,673,403","5,409,751"
,,Directed,"7,052,631","5,409,751"
,,Directed,"7,390,543","5,409,751"
,,Directed,"7,854,994","5,409,751"
,,Directed,"8,273,428","5,409,751"
,,Directed,"8,468,785","5,409,751"
,,Directed,"9,102,444","5,409,751"
,,Directed,"9,913,553","5,409,751"
,,Directed,"5,763,513","5,444,107"
,,Directed,"6,123,811","5,444,107"
,,Directed,"6,136,905","5,444,107"
,,Directed,"6,153,231","5,444,107"
,,Directed,"6,316,606","5,444,107"
,,Directed,"6,482,872","5,444,107"
,,Directed,"6,573,340","5,444,107"
,,Directed,"6,900,295","5,444,107"
,,Directed,"7,172,814","5,444,107"
,,Directed,"7,214,414","5,444,107"
,,Directed,"7,241,832","5,444,107"
,,Directed,"7,297,394","5,444,107"
,,Directed,"7,326,743","5,444,107"
,,Directed,"7,344,784","5,444,107"
,,Directed,"7,384,993","5,444,107"
,,Directed,"7,495,044","5,444,107"
,,Directed,"7,744,791","5,444,107"
,,Directed,"7,754,119","5,444,107"
,,Directed,"7,879,440","5,444,107"
,,Directed,"7,947,766","5,444,107"
,,Directed,"7,960,453","5,444,107"
,,Directed,"7,989,524","5,444,107"
,,Directed,"8,088,843","5,444,107"
,,Directed,"8,129,449","5,444,107"
,,Directed,"8,357,237","5,444,107"
,,Directed,"8,617,303","5,444,107"
,,Directed,"8,623,246","5,444,107"
,,Directed,"8,734,933","5,444,107"
,,Directed,"8,795,803","5,444,107"
,,Directed,"8,815,003","5,444,107"
,,Directed,"9,017,586","5,444,107"
,,Directed,"9,023,443","5,444,107"
,,Directed,"9,150,004","5,444,107"
,,Directed,"9,221,213","5,444,107"
,,Directed,"9,238,324","5,444,107"
,,Directed,"9,314,999","5,444,107"
,,Directed,"9,340,657","5,444,107"
,,Directed,"9,492,962","5,444,107"
,,Directed,"5,657,870","5,489,474"
,,Directed,"5,763,513","5,489,474"
,,Directed,"5,952,088","5,489,474"
,,Directed,"6,135,987","5,489,474"
,,Directed,"6,136,905","5,489,474"
,,Directed,"6,171,434","5,489,474"
,,Directed,"6,194,483","5,489,474"
,,Directed,"6,195,975","5,489,474"
,,Directed,"6,197,860","5,489,474"
,,Directed,"6,201,068","5,489,474"
,,Directed,"6,245,831","5,489,474"
,,Directed,"6,261,677","5,489,474"
,,Directed,"6,268,434","5,489,474"
,,Directed,"6,306,497","5,489,474"
,,Directed,"6,306,782","5,489,474"
,,Directed,"6,309,988","5,489,474"
,,Directed,"6,372,850","5,489,474"
,,Directed,"6,475,418","5,489,474"
,,Directed,"6,534,172","5,489,474"
,,Directed,"6,544,455","5,489,474"
,,Directed,"6,743,490","5,489,474"
,,Directed,"7,268,190","5,489,474"
,,Directed,"7,422,782","5,489,474"
,,Directed,"7,550,541","5,489,474"
,,Directed,"7,704,026","5,489,474"
,,Directed,"7,951,438","5,489,474"
,,Directed,"8,016,152","5,489,474"
,,Directed,"8,056,253","5,489,474"
,,Directed,"8,076,001","5,489,474"
,,Directed,"8,163,206","5,489,474"
,,Directed,"8,276,291","5,489,474"
,,Directed,"8,324,256","5,489,474"
,,Directed,"8,431,624","5,489,474"
,,Directed,"8,557,940","5,489,474"
,,Directed,"8,734,933","5,489,474"
,,Directed,"8,739,429","5,489,474"
,,Directed,"8,795,803","5,489,474"
,,Directed,"8,835,525","5,489,474"
,,Directed,"8,883,295","5,489,474"
,,Directed,"8,899,745","5,489,474"
,,Directed,"8,987,403","5,489,474"
,,Directed,"8,993,651","5,489,474"
,,Directed,"9,023,443","5,489,474"
,,Directed,"9,052,440","5,489,474"
,,Directed,"9,097,839","5,489,474"
,,Directed,"9,109,091","5,489,474"
,,Directed,"9,150,004","5,489,474"
,,Directed,"9,187,601","5,489,474"
,,Directed,"9,221,213","5,489,474"
,,Directed,"9,238,324","5,489,474"
,,Directed,"9,314,999","5,489,474"
,,Directed,"9,337,065","5,489,474"
,,Directed,"9,341,744","5,489,474"
,,Directed,"9,492,962","5,489,474"
,,Directed,"9,921,340","5,489,474"
,,Directed,"7,217,290","5,492,697"
,,Directed,"7,232,455","5,492,697"
,,Directed,"7,300,465","5,492,697"
,,Directed,"7,348,020","5,492,697"
,,Directed,"7,357,941","5,492,697"
,,Directed,"7,384,430","5,492,697"
,,Directed,"7,384,652","5,492,697"
,,Directed,"7,390,498","5,492,697"
,,Directed,"7,413,753","5,492,697"
,,Directed,"7,524,335","5,492,697"
,,Directed,"7,615,076","5,492,697"
,,Directed,"7,622,139","5,492,697"
,,Directed,"7,670,379","5,492,697"
,,Directed,"7,682,540","5,492,697"
,,Directed,"7,749,273","5,492,697"
,,Directed,"7,753,941","5,492,697"
,,Directed,"7,815,826","5,492,697"
,,Directed,"7,815,928","5,492,697"
,,Directed,"7,828,850","5,492,697"
,,Directed,"7,879,275","5,492,697"
,,Directed,"7,883,653","5,492,697"
,,Directed,"7,887,587","5,492,697"
,,Directed,"7,896,921","5,492,697"
,,Directed,"7,905,923","5,492,697"
,,Directed,"7,909,879","5,492,697"
,,Directed,"7,910,124","5,492,697"
,,Directed,"7,922,768","5,492,697"
,,Directed,"7,935,147","5,492,697"
,,Directed,"7,935,363","5,492,697"
,,Directed,"7,951,201","5,492,697"
,,Directed,"7,963,992","5,492,697"
,,Directed,"7,979,150","5,492,697"
,,Directed,"7,985,257","5,492,697"
,,Directed,"7,993,405","5,492,697"
,,Directed,"7,998,171","5,492,697"
,,Directed,"8,002,830","5,492,697"
,,Directed,"8,003,133","5,492,697"
,,Directed,"8,007,823","5,492,697"
,,Directed,"8,021,390","5,492,697"
,,Directed,"8,034,112","5,492,697"
,,Directed,"8,043,377","5,492,697"
,,Directed,"8,048,160","5,492,697"
,,Directed,"8,088,165","5,492,697"
,,Directed,"8,114,427","5,492,697"
,,Directed,"8,128,698","5,492,697"
,,Directed,"8,133,421","5,492,697"
,,Directed,"8,133,553","5,492,697"
,,Directed,"8,142,808","5,492,697"
,,Directed,"8,163,022","5,492,697"
,,Directed,"8,163,032","5,492,697"
,,Directed,"8,173,149","5,492,697"
,,Directed,"8,187,326","5,492,697"
,,Directed,"8,211,351","5,492,697"
,,Directed,"8,309,521","5,492,697"
,,Directed,"8,318,192","5,492,697"
,,Directed,"8,419,802","5,492,697"
,,Directed,"8,425,619","5,492,697"
,,Directed,"8,435,306","5,492,697"
,,Directed,"8,454,697","5,492,697"
,,Directed,"8,460,319","5,492,697"
,,Directed,"8,486,436","5,492,697"
,,Directed,"8,497,236","5,492,697"
,,Directed,"8,556,977","5,492,697"
,,Directed,"8,574,620","5,492,697"
,,Directed,"8,602,290","5,492,697"
,,Directed,"8,608,049","5,492,697"
,,Directed,"8,613,938","5,492,697"
,,Directed,"8,623,094","5,492,697"
,,Directed,"8,632,590","5,492,697"
,,Directed,"8,652,153","5,492,697"
,,Directed,"8,663,337","5,492,697"
,,Directed,"8,673,853","5,492,697"
,,Directed,"8,690,874","5,492,697"
,,Directed,"8,742,072","5,492,697"
,,Directed,"8,747,439","5,492,697"
,,Directed,"8,765,189","5,492,697"
,,Directed,"8,808,329","5,492,697"
,,Directed,"8,808,730","5,492,697"
,,Directed,"8,814,902","5,492,697"
,,Directed,"8,845,687","5,492,697"
,,Directed,"8,845,699","5,492,697"
,,Directed,"8,895,073","5,492,697"
,,Directed,"8,945,220","5,492,697"
,,Directed,"9,095,442","5,492,697"
,,Directed,"9,114,025","5,492,697"
,,Directed,"9,155,543","5,492,697"
,,Directed,"9,192,372","5,492,697"
,,Directed,"9,216,194","5,492,697"
,,Directed,"9,265,857","5,492,697"
,,Directed,"9,283,074","5,492,697"
,,Directed,"9,526,632","5,492,697"
,,Directed,"9,597,430","5,492,697"
,,Directed,"9,675,347","5,492,697"
,,Directed,"9,724,205","5,492,697"
,,Directed,"9,737,294","5,492,697"
,,Directed,"9,770,238","5,492,697"
,,Directed,"9,775,882","5,492,697"
,,Directed,"9,795,372","5,492,697"
,,Directed,"9,820,847","5,492,697"
,,Directed,"9,907,663","5,492,697"
,,Directed,"8,445,027","5,501,856"
,,Directed,"8,465,778","5,501,856"
,,Directed,"8,481,069","5,501,856"
,,Directed,"8,506,962","5,501,856"
,,Directed,"8,506,986","5,501,856"
,,Directed,"8,506,987","5,501,856"
,,Directed,"8,512,738","5,501,856"
,,Directed,"8,529,927","5,501,856"
,,Directed,"8,545,554","5,501,856"
,,Directed,"8,551,167","5,501,856"
,,Directed,"8,571,802","5,501,856"
,,Directed,"8,580,292","5,501,856"
,,Directed,"8,586,556","5,501,856"
,,Directed,"8,591,885","5,501,856"
,,Directed,"8,609,144","5,501,856"
,,Directed,"8,609,613","5,501,856"
,,Directed,"8,637,068","5,501,856"
,,Directed,"8,637,514","5,501,856"
,,Directed,"8,637,515","5,501,856"
,,Directed,"8,668,676","5,501,856"
,,Directed,"8,673,341","5,501,856"
,,Directed,"8,685,435","5,501,856"
,,Directed,"8,715,709","5,501,856"
,,Directed,"8,722,097","5,501,856"
,,Directed,"8,728,483","5,501,856"
,,Directed,"8,771,722","5,501,856"
,,Directed,"8,778,381","5,501,856"
,,Directed,"8,802,128","5,501,856"
,,Directed,"8,802,129","5,501,856"
,,Directed,"8,828,446","5,501,856"
,,Directed,"8,834,884","5,501,856"
,,Directed,"8,846,073","5,501,856"
,,Directed,"8,846,094","5,501,856"
,,Directed,"8,895,049","5,501,856"
,,Directed,"8,900,622","5,501,856"
,,Directed,"8,911,767","5,501,856"
,,Directed,"8,911,768","5,501,856"
,,Directed,"8,956,655","5,501,856"
,,Directed,"8,962,009","5,501,856"
,,Directed,"8,968,766","5,501,856"
,,Directed,"8,969,415","5,501,856"
,,Directed,"8,974,812","5,501,856"
,,Directed,"8,999,397","5,501,856"
,,Directed,"9,011,852","5,501,856"
,,Directed,"9,012,437","5,501,856"
,,Directed,"9,017,655","5,501,856"
,,Directed,"9,039,761","5,501,856"
,,Directed,"9,056,045","5,501,856"
,,Directed,"9,079,949","5,501,856"
,,Directed,"9,089,478","5,501,856"
,,Directed,"9,095,506","5,501,856"
,,Directed,"9,101,583","5,501,856"
,,Directed,"9,107,861","5,501,856"
,,Directed,"9,138,480","5,501,856"
,,Directed,"9,144,543","5,501,856"
,,Directed,"9,149,428","5,501,856"
,,Directed,"9,161,938","5,501,856"
,,Directed,"9,192,511","5,501,856"
,,Directed,"9,204,961","5,501,856"
,,Directed,"9,206,251","5,501,856"
,,Directed,"9,221,901","5,501,856"
,,Directed,"9,233,070","5,501,856"
,,Directed,"9,233,071","5,501,856"
,,Directed,"9,234,028","5,501,856"
,,Directed,"9,265,775","5,501,856"
,,Directed,"9,283,178","5,501,856"
,,Directed,"9,308,070","5,501,856"
,,Directed,"9,308,355","5,501,856"
,,Directed,"9,309,310","5,501,856"
,,Directed,"9,326,949","5,501,856"
,,Directed,"9,328,157","5,501,856"
,,Directed,"9,371,377","5,501,856"
,,Directed,"9,371,378","5,501,856"
,,Directed,"9,393,223","5,501,856"
,,Directed,"9,434,784","5,501,856"
,,Directed,"9,469,690","5,501,856"
,,Directed,"9,562,089","5,501,856"
,,Directed,"9,572,859","5,501,856"
,,Directed,"9,592,242","5,501,856"
,,Directed,"9,610,246","5,501,856"
,,Directed,"9,623,215","5,501,856"
,,Directed,"9,637,534","5,501,856"
,,Directed,"9,663,574","5,501,856"
,,Directed,"9,669,039","5,501,856"
,,Directed,"9,707,238","5,501,856"
,,Directed,"9,750,751","5,501,856"
,,Directed,"9,771,411","5,501,856"
,,Directed,"9,775,846","5,501,856"
,,Directed,"9,775,849","5,501,856"
,,Directed,"9,803,007","5,501,856"
,,Directed,"9,815,890","5,501,856"
,,Directed,"9,820,995","5,501,856"
,,Directed,"9,827,401","5,501,856"
,,Directed,"9,855,135","5,501,856"
,,Directed,"9,861,576","5,501,856"
,,Directed,"9,862,758","5,501,856"
,,Directed,"9,902,762","5,501,856"
,,Directed,"9,920,108","5,501,856"
,,Directed,"9,943,402","5,501,856"
,,Directed,"9,943,404","5,501,856"
,,Directed,"5,698,322","5,508,378"
,,Directed,"5,880,254","5,508,378"
,,Directed,"5,910,545","5,508,378"
,,Directed,"6,153,231","5,508,378"
,,Directed,"6,194,483","5,508,378"
,,Directed,"6,195,975","5,508,378"
,,Directed,"6,197,860","5,508,378"
,,Directed,"6,201,068","5,508,378"
,,Directed,"6,207,755","5,508,378"
,,Directed,"6,211,294","5,508,378"
,,Directed,"6,214,967","5,508,378"
,,Directed,"6,245,831","5,508,378"
,,Directed,"6,268,434","5,508,378"
,,Directed,"6,306,782","5,508,378"
,,Directed,"6,309,988","5,508,378"
,,Directed,"6,475,418","5,508,378"
,,Directed,"6,500,897","5,508,378"
,,Directed,"6,544,455","5,508,378"
,,Directed,"6,552,124","5,508,378"
,,Directed,"6,579,934","5,508,378"
,,Directed,"6,613,363","5,508,378"
,,Directed,"6,890,989","5,508,378"
,,Directed,"7,053,151","5,508,378"
,,Directed,"7,507,561","5,508,378"
,,Directed,"8,268,913","5,508,378"
,,Directed,"8,545,971","5,508,378"
,,Directed,"8,591,967","5,508,378"
,,Directed,"8,691,912","5,508,378"
,,Directed,"8,697,832","5,508,378"
,,Directed,"8,759,446","5,508,378"
,,Directed,"9,029,497","5,508,378"
,,Directed,"9,458,287","5,508,378"
,,Directed,"9,510,961","5,508,378"
,,Directed,"9,707,734","5,508,378"
,,Directed,"6,083,524","5,563,238"
,,Directed,"6,153,231","5,563,238"
,,Directed,"6,177,095","5,563,238"
,,Directed,"6,217,630","5,563,238"
,,Directed,"6,746,822","5,563,238"
,,Directed,"6,756,461","5,563,238"
,,Directed,"6,818,039","5,563,238"
,,Directed,"RE39,713","5,563,238"
,,Directed,"7,638,090","5,563,238"
,,Directed,"7,754,156","5,563,238"
,,Directed,"8,043,995","5,563,238"
,,Directed,"8,114,342","5,563,238"
,,Directed,"8,178,042","5,563,238"
,,Directed,"8,277,724","5,563,238"
,,Directed,"8,758,679","5,563,238"
,,Directed,"8,932,535","5,563,238"
,,Directed,"8,992,837","5,563,238"
,,Directed,"5,885,829","5,567,612"
,,Directed,"6,027,744","5,567,612"
,,Directed,"6,127,520","5,567,612"
,,Directed,"6,140,039","5,567,612"
,,Directed,"6,143,293","5,567,612"
,,Directed,"6,171,610","5,567,612"
,,Directed,"6,281,256","5,567,612"
,,Directed,"6,309,635","5,567,612"
,,Directed,"6,368,859","5,567,612"
,,Directed,"6,376,244","5,567,612"
,,Directed,"6,428,802","5,567,612"
,,Directed,"6,479,064","5,567,612"
,,Directed,"6,482,645","5,567,612"
,,Directed,"6,514,292","5,567,612"
,,Directed,"6,528,483","5,567,612"
,,Directed,"6,547,719","5,567,612"
,,Directed,"6,576,019","5,567,612"
,,Directed,"6,596,296","5,567,612"
,,Directed,"6,689,608","5,567,612"
,,Directed,"6,753,181","5,567,612"
,,Directed,"6,790,455","5,567,612"
,,Directed,"6,797,738","5,567,612"
,,Directed,"6,858,222","5,567,612"
,,Directed,"6,913,762","5,567,612"
,,Directed,"7,018,841","5,567,612"
,,Directed,"7,033,603","5,567,612"
,,Directed,"7,049,057","5,567,612"
,,Directed,"7,060,492","5,567,612"
,,Directed,"7,112,320","5,567,612"
,,Directed,"7,323,190","5,567,612"
,,Directed,"7,412,978","5,567,612"
,,Directed,"7,429,490","5,567,612"
,,Directed,"7,462,471","5,567,612"
,,Directed,"7,470,425","5,567,612"
,,Directed,"7,514,095","5,567,612"
,,Directed,"7,560,275","5,567,612"
,,Directed,"7,569,076","5,567,612"
,,Directed,"7,572,221","5,567,612"
,,Directed,"7,575,921","5,567,612"
,,Directed,"7,806,937","5,567,612"
,,Directed,"7,964,394","5,567,612"
,,Directed,"8,007,823","5,567,612"
,,Directed,"8,021,869","5,567,612"
,,Directed,"8,048,673","5,567,612"
,,Directed,"8,062,654","5,567,612"
,,Directed,"8,110,213","5,567,612"
,,Directed,"8,128,707","5,567,612"
,,Directed,"8,261,749","5,567,612"
,,Directed,"8,268,361","5,567,612"
,,Directed,"8,337,485","5,567,612"
,,Directed,"8,551,775","5,567,612"
,,Directed,"8,623,648","5,567,612"
,,Directed,"8,741,643","5,567,612"
,,Directed,"8,778,673","5,567,612"
,,Directed,"8,785,184","5,567,612"
,,Directed,"8,785,185","5,567,612"
,,Directed,"8,911,994","5,567,612"
,,Directed,"8,968,626","5,567,612"
,,Directed,"8,993,831","5,567,612"
,,Directed,"9,012,218","5,567,612"
,,Directed,"9,023,377","5,567,612"
,,Directed,"9,034,240","5,567,612"
,,Directed,"9,040,092","5,567,612"
,,Directed,"9,044,580","5,567,612"
,,Directed,"9,062,290","5,567,612"
,,Directed,"9,074,189","5,567,612"
,,Directed,"9,080,145","5,567,612"
,,Directed,"9,096,832","5,567,612"
,,Directed,"9,133,439","5,567,612"
,,Directed,"9,145,545","5,567,612"
,,Directed,"9,150,833","5,567,612"
,,Directed,"9,173,817","5,567,612"
,,Directed,"9,175,260","5,567,612"
,,Directed,"9,181,528","5,567,612"
,,Directed,"9,194,058","5,567,612"
,,Directed,"9,234,178","5,567,612"
,,Directed,"9,271,824","5,567,612"
,,Directed,"9,314,420","5,567,612"
,,Directed,"9,371,516","5,567,612"
,,Directed,"9,388,387","5,567,612"
,,Directed,"9,434,920","5,567,612"
,,Directed,"9,458,430","5,567,612"
,,Directed,"9,506,036","5,567,612"
,,Directed,"9,528,090","5,567,612"
,,Directed,"9,534,203","5,567,612"
,,Directed,"9,580,688","5,567,612"
,,Directed,"9,593,305","5,567,612"
,,Directed,"9,593,306","5,567,612"
,,Directed,"9,593,307","5,567,612"
,,Directed,"9,593,310","5,567,612"
,,Directed,"9,663,765","5,567,612"
,,Directed,"9,725,699","5,567,612"
,,Directed,"9,732,322","5,567,612"
,,Directed,"9,744,195","5,567,612"
,,Directed,"9,752,125","5,567,612"
,,Directed,"9,752,126","5,567,612"
,,Directed,"9,765,302","5,567,612"
,,Directed,"9,845,460","5,567,612"
,,Directed,"9,883,865","5,567,612"
,,Directed,"9,951,314","5,567,612"
,,Directed,"5,945,480","5,574,129"
,,Directed,"5,952,433","5,574,129"
,,Directed,"6,025,028","5,574,129"
,,Directed,"6,350,518","5,574,129"
,,Directed,"6,552,162","5,574,129"
,,Directed,"6,620,869","5,574,129"
,,Directed,"6,664,333","5,574,129"
,,Directed,"7,208,535","5,574,129"
,,Directed,"7,445,841","5,574,129"
,,Directed,"7,608,329","5,574,129"
,,Directed,"7,989,061","5,574,129"
,,Directed,"8,241,545","5,574,129"
,,Directed,"8,268,738","5,574,129"
,,Directed,"8,461,262","5,574,129"
,,Directed,"8,518,311","5,574,129"
,,Directed,"8,609,808","5,574,129"
,,Directed,"8,678,641","5,574,129"
,,Directed,"8,710,172","5,574,129"
,,Directed,"9,029,497","5,574,129"
,,Directed,"9,040,653","5,574,129"
,,Directed,"9,091,004","5,574,129"
,,Directed,"9,260,802","5,574,129"
,,Directed,"9,334,518","5,574,129"
,,Directed,"9,371,550","5,574,129"
,,Directed,"9,388,442","5,574,129"
,,Directed,"9,394,629","5,574,129"
,,Directed,"9,464,334","5,574,129"
,,Directed,"9,611,516","5,574,129"
,,Directed,"9,708,761","5,574,129"
,,Directed,"9,816,231","5,574,129"
,,Directed,"5,716,376","5,609,609"
,,Directed,"5,786,022","5,609,609"
,,Directed,"6,616,687","5,609,609"
,,Directed,"6,712,838","5,609,609"
,,Directed,"6,881,434","5,609,609"
,,Directed,"8,541,027","5,609,609"
,,Directed,"5,770,231","5,656,299"
,,Directed,"6,224,794","5,656,299"
,,Directed,"6,331,317","5,656,299"
,,Directed,"6,379,704","5,656,299"
,,Directed,"6,395,304","5,656,299"
,,Directed,"6,495,164","5,656,299"
,,Directed,"6,495,166","5,656,299"
,,Directed,"6,534,092","5,656,299"
,,Directed,"6,537,586","5,656,299"
,,Directed,"6,540,393","5,656,299"
,,Directed,"6,667,061","5,656,299"
,,Directed,"6,699,963","5,656,299"
,,Directed,"6,705,757","5,656,299"
,,Directed,"6,713,090","5,656,299"
,,Directed,"6,803,055","5,656,299"
,,Directed,"6,824,822","5,656,299"
,,Directed,"6,830,737","5,656,299"
,,Directed,"6,861,016","5,656,299"
,,Directed,"6,884,372","5,656,299"
,,Directed,"6,918,991","5,656,299"
,,Directed,"6,921,458","5,656,299"
,,Directed,"6,939,033","5,656,299"
,,Directed,"6,962,006","5,656,299"
,,Directed,"6,987,111","5,656,299"
,,Directed,"7,118,763","5,656,299"
,,Directed,"7,223,440","5,656,299"
,,Directed,"7,247,319","5,656,299"
,,Directed,"7,300,671","5,656,299"
,,Directed,"7,371,406","5,656,299"
,,Directed,"7,510,730","5,656,299"
,,Directed,"7,524,530","5,656,299"
,,Directed,"7,527,809","5,656,299"
,,Directed,"7,695,739","5,656,299"
,,Directed,"7,799,345","5,656,299"
,,Directed,"7,850,995","5,656,299"
,,Directed,"7,875,310","5,656,299"
,,Directed,"8,124,057","5,656,299"
,,Directed,"8,187,672","5,656,299"
,,Directed,"8,236,352","5,656,299"
,,Directed,"8,293,277","5,656,299"
,,Directed,"8,309,136","5,656,299"
,,Directed,"8,323,641","5,656,299"
,,Directed,"8,617,613","5,656,299"
,,Directed,"8,641,900","5,656,299"
,,Directed,"8,652,464","5,656,299"
,,Directed,"8,741,327","5,656,299"
,,Directed,"8,758,795","5,656,299"
,,Directed,"8,802,127","5,656,299"
,,Directed,"8,877,252","5,656,299"
,,Directed,"9,161,943","5,656,299"
,,Directed,"9,238,076","5,656,299"
,,Directed,"9,393,192","5,656,299"
,,Directed,"9,439,905","5,656,299"
,,Directed,"9,717,799","5,656,299"
,,Directed,"9,889,085","5,656,299"
,,Directed,"9,895,447","5,656,299"
,,Directed,"9,925,268","5,656,299"
,,Directed,"5,817,472","5,683,459"
,,Directed,"5,899,939","5,683,459"
,,Directed,"6,077,076","5,683,459"
,,Directed,"6,083,264","5,683,459"
,,Directed,"6,123,731","5,683,459"
,,Directed,"6,143,036","5,683,459"
,,Directed,"6,214,049","5,683,459"
,,Directed,"6,294,041","5,683,459"
,,Directed,"6,328,765","5,683,459"
,,Directed,"6,332,779","5,683,459"
,,Directed,"6,409,764","5,683,459"
,,Directed,"6,461,385","5,683,459"
,,Directed,"6,808,585","5,683,459"
,,Directed,"6,843,807","5,683,459"
,,Directed,"6,863,694","5,683,459"
,,Directed,"7,156,880","5,683,459"
,,Directed,"7,166,133","5,683,459"
,,Directed,"7,235,107","5,683,459"
,,Directed,"7,241,316","5,683,459"
,,Directed,"7,323,542","5,683,459"
,,Directed,"7,767,221","5,683,459"
,,Directed,"7,790,844","5,683,459"
,,Directed,"7,795,383","5,683,459"
,,Directed,"7,812,119","5,683,459"
,,Directed,"7,837,735","5,683,459"
,,Directed,"7,842,097","5,683,459"
,,Directed,"7,871,978","5,683,459"
,,Directed,"7,887,587","5,683,459"
,,Directed,"7,887,598","5,683,459"
,,Directed,"7,892,291","5,683,459"
,,Directed,"7,939,108","5,683,459"
,,Directed,"7,959,941","5,683,459"
,,Directed,"8,002,813","5,683,459"
,,Directed,"8,142,503","5,683,459"
,,Directed,"8,163,032","5,683,459"
,,Directed,"8,197,474","5,683,459"
,,Directed,"8,268,008","5,683,459"
,,Directed,"8,308,340","5,683,459"
,,Directed,"8,419,802","5,683,459"
,,Directed,"8,425,619","5,683,459"
,,Directed,"8,435,306","5,683,459"
,,Directed,"8,497,236","5,683,459"
,,Directed,"8,523,908","5,683,459"
,,Directed,"8,529,962","5,683,459"
,,Directed,"8,545,864","5,683,459"
,,Directed,"8,613,938","5,683,459"
,,Directed,"8,617,246","5,683,459"
,,Directed,"8,623,094","5,683,459"
,,Directed,"8,663,672","5,683,459"
,,Directed,"8,690,874","5,683,459"
,,Directed,"8,722,075","5,683,459"
,,Directed,"8,742,072","5,683,459"
,,Directed,"8,753,391","5,683,459"
,,Directed,"8,753,689","5,683,459"
,,Directed,"8,802,122","5,683,459"
,,Directed,"8,864,843","5,683,459"
,,Directed,"8,906,093","5,683,459"
,,Directed,"8,945,220","5,683,459"
,,Directed,"9,283,074","5,683,459"
,,Directed,"9,387,094","5,683,459"
,,Directed,"9,393,116","5,683,459"
,,Directed,"9,427,495","5,683,459"
,,Directed,"6,770,356","5,691,398"
,,Directed,"7,785,688","5,691,398"
,,Directed,"8,268,913","5,691,398"
,,Directed,"9,090,771","5,691,398"
,,Directed,"8,150,520","5,700,485"
,,Directed,"8,175,711","5,700,485"
,,Directed,"8,252,303","5,700,485"
,,Directed,"8,257,741","5,700,485"
,,Directed,"8,263,128","5,700,485"
,,Directed,"8,278,330","5,700,485"
,,Directed,"8,337,899","5,700,485"
,,Directed,"8,347,891","5,700,485"
,,Directed,"8,367,118","5,700,485"
,,Directed,"8,425,892","5,700,485"
,,Directed,"8,431,159","5,700,485"
,,Directed,"8,433,423","5,700,485"
,,Directed,"8,444,640","5,700,485"
,,Directed,"8,454,594","5,700,485"
,,Directed,"8,475,823","5,700,485"
,,Directed,"8,481,081","5,700,485"
,,Directed,"8,501,215","5,700,485"
,,Directed,"8,548,600","5,700,485"
,,Directed,"8,551,069","5,700,485"
,,Directed,"8,620,423","5,700,485"
,,Directed,"8,626,300","5,700,485"
,,Directed,"8,658,699","5,700,485"
,,Directed,"8,684,998","5,700,485"
,,Directed,"8,721,637","5,700,485"
,,Directed,"8,728,137","5,700,485"
,,Directed,"8,728,138","5,700,485"
,,Directed,"8,740,896","5,700,485"
,,Directed,"8,768,470","5,700,485"
,,Directed,"8,771,252","5,700,485"
,,Directed,"8,774,913","5,700,485"
,,Directed,"8,774,922","5,700,485"
,,Directed,"8,784,463","5,700,485"
,,Directed,"8,805,545","5,700,485"
,,Directed,"8,818,514","5,700,485"
,,Directed,"8,828,442","5,700,485"
,,Directed,"8,845,629","5,700,485"
,,Directed,"8,852,163","5,700,485"
,,Directed,"8,880,186","5,700,485"
,,Directed,"8,934,978","5,700,485"
,,Directed,"8,940,315","5,700,485"
,,Directed,"8,948,865","5,700,485"
,,Directed,"8,952,152","5,700,485"
,,Directed,"8,956,642","5,700,485"
,,Directed,"8,957,207","5,700,485"
,,Directed,"8,958,871","5,700,485"
,,Directed,"8,975,268","5,700,485"
,,Directed,"8,975,281","5,700,485"
,,Directed,"8,983,595","5,700,485"
,,Directed,"8,986,294","5,700,485"
,,Directed,"9,023,037","5,700,485"
,,Directed,"9,023,393","5,700,485"
,,Directed,"9,072,527","5,700,485"
,,Directed,"9,108,040","5,700,485"
,,Directed,"9,125,661","5,700,485"
,,Directed,"9,131,978","5,700,485"
,,Directed,"9,138,281","5,700,485"
,,Directed,"9,186,198","5,700,485"
,,Directed,"9,186,213","5,700,485"
,,Directed,"9,192,715","5,700,485"
,,Directed,"9,249,150","5,700,485"
,,Directed,"9,265,558","5,700,485"
,,Directed,"9,265,749","5,700,485"
,,Directed,"9,273,051","5,700,485"
,,Directed,"9,289,255","5,700,485"
,,Directed,"9,308,043","5,700,485"
,,Directed,"9,308,044","5,700,485"
,,Directed,"9,314,630","5,700,485"
,,Directed,"9,320,561","5,700,485"
,,Directed,"9,326,817","5,700,485"
,,Directed,"9,327,122","5,700,485"
,,Directed,"9,364,280","5,700,485"
,,Directed,"9,402,992","5,700,485"
,,Directed,"9,439,726","5,700,485"
,,Directed,"9,445,867","5,700,485"
,,Directed,"9,456,869","5,700,485"
,,Directed,"9,463,066","5,700,485"
,,Directed,"9,468,497","5,700,485"
,,Directed,"9,474,563","5,700,485"
,,Directed,"9,486,270","5,700,485"
,,Directed,"9,486,410","5,700,485"
,,Directed,"9,492,388","5,700,485"
,,Directed,"9,512,116","5,700,485"
,,Directed,"9,611,263","5,700,485"
,,Directed,"9,636,174","5,700,485"
,,Directed,"9,675,413","5,700,485"
,,Directed,"9,707,035","5,700,485"
,,Directed,"9,707,206","5,700,485"
,,Directed,"9,731,132","5,700,485"
,,Directed,"9,743,983","5,700,485"
,,Directed,"9,757,192","5,700,485"
,,Directed,"9,757,193","5,700,485"
,,Directed,"9,758,533","5,700,485"
,,Directed,"9,814,873","5,700,485"
,,Directed,"9,827,040","5,700,485"
,,Directed,"9,827,041","5,700,485"
,,Directed,"9,839,644","5,700,485"
,,Directed,"9,895,195","5,700,485"
,,Directed,"9,907,611","5,700,485"
,,Directed,"9,943,466","5,700,485"
,,Directed,"9,956,410","5,700,485"
,,Directed,"7,030,216","5,719,256"
,,Directed,"7,408,023","5,719,256"
,,Directed,"7,465,770","5,719,256"
,,Directed,"7,652,127","5,719,256"
,,Directed,"7,868,127","5,719,256"
,,Directed,"7,968,656","5,719,256"
,,Directed,"9,044,524","5,719,256"
,,Directed,"9,200,112","5,719,256"
,,Directed,"9,334,369","5,719,256"
,,Directed,"9,388,275","5,719,256"
,,Directed,"6,114,495","5,726,220"
,,Directed,"6,353,086","5,726,220"
,,Directed,"6,573,340","5,726,220"
,,Directed,"7,172,814","5,726,220"
,,Directed,"7,195,822","5,726,220"
,,Directed,"7,214,414","5,726,220"
,,Directed,"7,241,832","5,726,220"
,,Directed,"7,297,394","5,726,220"
,,Directed,"7,344,784","5,726,220"
,,Directed,"7,816,286","5,726,220"
,,Directed,"8,173,753","5,726,220"
,,Directed,"8,202,947","5,726,220"
,,Directed,"8,282,754","5,726,220"
,,Directed,"8,535,464","5,726,220"
,,Directed,"8,557,230","5,726,220"
,,Directed,"8,603,444","5,726,220"
,,Directed,"8,658,141","5,726,220"
,,Directed,"8,673,282","5,726,220"
,,Directed,"8,673,283","5,726,220"
,,Directed,"8,673,284","5,726,220"
,,Directed,"8,758,739","5,726,220"
,,Directed,"8,778,323","5,726,220"
,,Directed,"9,221,573","5,726,220"
,,Directed,"9,265,713","5,726,220"
,,Directed,"9,637,264","5,726,220"
,,Directed,"9,644,082","5,726,220"
,,Directed,"7,049,357","5,728,761"
,,Directed,"8,808,854","5,728,761"
,,Directed,"8,815,390","5,728,761"
,,Directed,"9,018,406","5,728,761"
,,Directed,"9,290,613","5,728,761"
,,Directed,"9,428,484","5,728,847"
,,Directed,"9,475,790","5,728,847"
,,Directed,"9,637,587","5,728,847"
,,Directed,"5,861,034","5,747,637"
,,Directed,"5,886,093","5,747,637"
,,Directed,"6,090,910","5,747,637"
,,Directed,"6,093,792","5,747,637"
,,Directed,"6,206,883","5,747,637"
,,Directed,"6,616,591","5,747,637"
,,Directed,"6,616,687","5,747,637"
,,Directed,"6,716,957","5,747,637"
,,Directed,"6,747,121","5,747,637"
,,Directed,"7,148,315","5,747,637"
,,Directed,"7,229,465","5,747,637"
,,Directed,"7,368,125","5,747,637"
,,Directed,"7,465,770","5,747,637"
,,Directed,"7,662,883","5,747,637"
,,Directed,"7,815,826","5,747,637"
,,Directed,"7,875,036","5,747,637"
,,Directed,"8,016,852","5,747,637"
,,Directed,"8,187,640","5,747,637"
,,Directed,"8,470,359","5,747,637"
,,Directed,"8,486,455","5,747,637"
,,Directed,"8,808,596","5,747,637"
,,Directed,"8,840,916","5,747,637"
,,Directed,"8,889,823","5,747,637"
,,Directed,"9,248,218","5,747,637"
,,Directed,"9,254,307","5,747,637"
,,Directed,"9,283,282","5,747,637"
,,Directed,"9,388,275","5,747,637"
,,Directed,"9,539,332","5,747,637"
,,Directed,"9,539,333","5,747,637"
,,Directed,"9,687,594","5,747,637"
,,Directed,"9,844,612","5,747,637"
,,Directed,"9,889,238","5,747,637"
,,Directed,"9,914,802","5,747,637"
,,Directed,"6,306,424","5,755,792"
,,Directed,"6,333,029","5,755,792"
,,Directed,"6,355,699","5,755,792"
,,Directed,"6,365,149","5,755,792"
,,Directed,"6,372,257","5,755,792"
,,Directed,"6,423,252","5,755,792"
,,Directed,"6,534,084","5,755,792"
,,Directed,"6,575,986","5,755,792"
,,Directed,"6,626,950","5,755,792"
,,Directed,"6,712,850","5,755,792"
,,Directed,"6,743,232","5,755,792"
,,Directed,"6,989,034","5,755,792"
,,Directed,"7,112,417","5,755,792"
,,Directed,"7,718,616","5,755,792"
,,Directed,"7,767,221","5,755,792"
,,Directed,"7,842,097","5,755,792"
,,Directed,"8,007,823","5,755,792"
,,Directed,"8,187,326","5,755,792"
,,Directed,"8,287,915","5,755,792"
,,Directed,"8,303,967","5,755,792"
,,Directed,"8,303,976","5,755,792"
,,Directed,"8,308,340","5,755,792"
,,Directed,"8,460,686","5,755,792"
,,Directed,"8,470,369","5,755,792"
,,Directed,"8,563,040","5,755,792"
,,Directed,"8,613,938","5,755,792"
,,Directed,"8,685,429","5,755,792"
,,Directed,"8,690,874","5,755,792"
,,Directed,"8,734,822","5,755,792"
,,Directed,"8,742,072","5,755,792"
,,Directed,"8,753,391","5,755,792"
,,Directed,"8,796,015","5,755,792"
,,Directed,"8,802,122","5,755,792"
,,Directed,"8,864,843","5,755,792"
,,Directed,"9,220,595","5,755,792"
,,Directed,"9,254,301","5,755,792"
,,Directed,"9,427,495","5,755,792"
,,Directed,"9,440,007","5,755,792"
,,Directed,"9,610,304","5,755,792"
,,Directed,"9,642,943","5,755,792"
,,Directed,"9,789,225","5,755,792"
,,Directed,"6,368,836","5,760,144"
,,Directed,"6,441,267","5,760,144"
,,Directed,"6,509,092","5,760,144"
,,Directed,"6,534,599","5,760,144"
,,Directed,"6,573,340","5,760,144"
,,Directed,"6,579,617","5,760,144"
,,Directed,"6,780,357","5,760,144"
,,Directed,"6,828,074","5,760,144"
,,Directed,"6,844,062","5,760,144"
,,Directed,"6,844,063","5,760,144"
,,Directed,"7,056,580","5,760,144"
,,Directed,"7,172,814","5,760,144"
,,Directed,"7,214,414","5,760,144"
,,Directed,"7,241,832","5,760,144"
,,Directed,"7,297,394","5,760,144"
,,Directed,"7,344,784","5,760,144"
,,Directed,"8,349,935","5,760,144"
,,Directed,"8,945,702","5,760,144"
,,Directed,"8,961,591","5,760,144"
,,Directed,"5,980,564","5,762,625"
,,Directed,"6,174,330","5,762,625"
,,Directed,"6,245,103","5,762,625"
,,Directed,"6,251,135","5,762,625"
,,Directed,"6,340,367","5,762,625"
,,Directed,"6,500,204","5,762,625"
,,Directed,"6,585,773","5,762,625"
,,Directed,"6,626,936","5,762,625"
,,Directed,"6,878,159","5,762,625"
,,Directed,"6,887,266","5,762,625"
,,Directed,"6,932,930","5,762,625"
,,Directed,"6,991,647","5,762,625"
,,Directed,"7,004,962","5,762,625"
,,Directed,"7,066,952","5,762,625"
,,Directed,"7,131,992","5,762,625"
,,Directed,"7,141,061","5,762,625"
,,Directed,"7,163,715","5,762,625"
,,Directed,"7,201,940","5,762,625"
,,Directed,"7,285,287","5,762,625"
,,Directed,"7,331,988","5,762,625"
,,Directed,"7,335,226","5,762,625"
,,Directed,"7,514,122","5,762,625"
,,Directed,"7,553,325","5,762,625"
,,Directed,"7,582,108","5,762,625"
,,Directed,"7,758,631","5,762,625"
,,Directed,"7,919,162","5,762,625"
,,Directed,"7,998,069","5,762,625"
,,Directed,"8,088,060","5,762,625"
,,Directed,"8,137,396","5,762,625"
,,Directed,"8,372,133","5,762,625"
,,Directed,"8,449,903","5,762,625"
,,Directed,"8,529,941","5,762,625"
,,Directed,"8,540,765","5,762,625"
,,Directed,"8,563,510","5,762,625"
,,Directed,"8,784,465","5,762,625"
,,Directed,"8,888,840","5,762,625"
,,Directed,"8,906,286","5,762,625"
,,Directed,"8,992,601","5,762,625"
,,Directed,"9,072,681","5,762,625"
,,Directed,"9,115,245","5,762,625"
,,Directed,"9,155,638","5,762,625"
,,Directed,"9,192,698","5,762,625"
,,Directed,"9,271,925","5,762,625"
,,Directed,"9,278,016","5,762,625"
,,Directed,"9,309,347","5,762,625"
,,Directed,"9,446,103","5,762,625"
,,Directed,"9,480,586","5,762,625"
,,Directed,"9,492,320","5,762,625"
,,Directed,"9,522,217","5,762,625"
,,Directed,"9,554,940","5,762,625"
,,Directed,"9,561,131","5,762,625"
,,Directed,"9,572,963","5,762,625"
,,Directed,"9,592,151","5,762,625"
,,Directed,"9,597,230","5,762,625"
,,Directed,"9,682,174","5,762,625"
,,Directed,"9,713,658","5,762,625"
,,Directed,"9,827,143","5,762,625"
,,Directed,"9,943,423","5,762,625"
,,Directed,"5,844,654","5,770,682"
,,Directed,"6,114,495","5,770,682"
,,Directed,"6,160,143","5,770,682"
,,Directed,"6,316,590","5,770,682"
,,Directed,"6,353,086","5,770,682"
,,Directed,"7,049,357","5,770,682"
,,Directed,"7,132,383","5,770,682"
,,Directed,"7,144,614","5,770,682"
,,Directed,"7,199,212","5,770,682"
,,Directed,"7,208,565","5,770,682"
,,Directed,"7,501,373","5,770,682"
,,Directed,"7,507,561","5,770,682"
,,Directed,"7,998,888","5,770,682"
,,Directed,"8,147,965","5,770,682"
,,Directed,"8,188,185","5,770,682"
,,Directed,"8,198,392","5,770,682"
,,Directed,"8,227,658","5,770,682"
,,Directed,"8,263,690","5,770,682"
,,Directed,"8,268,738","5,770,682"
,,Directed,"8,268,913","5,770,682"
,,Directed,"8,283,006","5,770,682"
,,Directed,"8,293,862","5,770,682"
,,Directed,"8,329,601","5,770,682"
,,Directed,"8,334,327","5,770,682"
,,Directed,"8,338,508","5,770,682"
,,Directed,"8,431,678","5,770,682"
,,Directed,"8,445,110","5,770,682"
,,Directed,"8,461,262","5,770,682"
,,Directed,"8,518,311","5,770,682"
,,Directed,"8,545,971","5,770,682"
,,Directed,"8,575,302","5,770,682"
,,Directed,"8,609,808","5,770,682"
,,Directed,"8,637,130","5,770,682"
,,Directed,"8,710,172","5,770,682"
,,Directed,"8,722,845","5,770,682"
,,Directed,"8,759,279","5,770,682"
,,Directed,"8,759,446","5,770,682"
,,Directed,"8,927,617","5,770,682"
,,Directed,"8,936,740","5,770,682"
,,Directed,"8,975,305","5,770,682"
,,Directed,"8,980,964","5,770,682"
,,Directed,"9,040,598","5,770,682"
,,Directed,"9,091,004","5,770,682"
,,Directed,"9,115,248","5,770,682"
,,Directed,"9,150,699","5,770,682"
,,Directed,"9,260,802","5,770,682"
,,Directed,"9,394,629","5,770,682"
,,Directed,"9,415,382","5,770,682"
,,Directed,"9,518,181","5,770,682"
,,Directed,"9,617,400","5,770,682"
,,Directed,"9,637,587","5,770,682"
,,Directed,"9,663,616","5,770,682"
,,Directed,"9,670,314","5,770,682"
,,Directed,"9,957,366","5,770,682"
,,Directed,"9,957,369","5,770,682"
,,Directed,"6,316,590","5,821,327"
,,Directed,"6,791,029","5,821,327"
,,Directed,"7,049,357","5,821,327"
,,Directed,"7,193,029","5,821,327"
,,Directed,"7,998,888","5,821,327"
,,Directed,"8,147,965","5,821,327"
,,Directed,"8,188,185","5,821,327"
,,Directed,"8,227,658","5,821,327"
,,Directed,"8,268,738","5,821,327"
,,Directed,"8,268,913","5,821,327"
,,Directed,"8,283,006","5,821,327"
,,Directed,"8,329,601","5,821,327"
,,Directed,"8,334,327","5,821,327"
,,Directed,"8,338,508","5,821,327"
,,Directed,"8,445,110","5,821,327"
,,Directed,"8,461,262","5,821,327"
,,Directed,"8,518,311","5,821,327"
,,Directed,"8,545,971","5,821,327"
,,Directed,"8,609,808","5,821,327"
,,Directed,"8,637,130","5,821,327"
,,Directed,"8,710,172","5,821,327"
,,Directed,"8,759,279","5,821,327"
,,Directed,"8,759,446","5,821,327"
,,Directed,"8,846,071","5,821,327"
,,Directed,"8,927,617","5,821,327"
,,Directed,"8,936,740","5,821,327"
,,Directed,"8,975,305","5,821,327"
,,Directed,"8,980,964","5,821,327"
,,Directed,"9,040,598","5,821,327"
,,Directed,"9,091,004","5,821,327"
,,Directed,"9,150,699","5,821,327"
,,Directed,"9,260,802","5,821,327"
,,Directed,"9,394,629","5,821,327"
,,Directed,"9,518,181","5,821,327"
,,Directed,"9,617,400","5,821,327"
,,Directed,"9,957,366","5,821,327"
,,Directed,"9,957,369","5,821,327"
,,Directed,"6,911,212","5,830,493"
,,Directed,"6,953,482","5,830,493"
,,Directed,"6,998,134","5,830,493"
,,Directed,"7,019,192","5,830,493"
,,Directed,"7,045,141","5,830,493"
,,Directed,"RE39,587","5,830,493"
,,Directed,"7,211,266","5,830,493"
,,Directed,"7,250,550","5,830,493"
,,Directed,"7,291,179","5,830,493"
,,Directed,"7,316,822","5,830,493"
,,Directed,"7,371,408","5,830,493"
,,Directed,"7,371,409","5,830,493"
,,Directed,"7,371,410","5,830,493"
,,Directed,"7,507,257","5,830,493"
,,Directed,"7,524,335","5,830,493"
,,Directed,"7,658,768","5,830,493"
,,Directed,"7,709,631","5,830,493"
,,Directed,"7,718,616","5,830,493"
,,Directed,"7,736,669","5,830,493"
,,Directed,"7,740,897","5,830,493"
,,Directed,"7,754,246","5,830,493"
,,Directed,"7,766,972","5,830,493"
,,Directed,"7,776,100","5,830,493"
,,Directed,"7,811,332","5,830,493"
,,Directed,"7,815,826","5,830,493"
,,Directed,"7,824,701","5,830,493"
,,Directed,"7,875,296","5,830,493"
,,Directed,"7,901,461","5,830,493"
,,Directed,"7,963,997","5,830,493"
,,Directed,"8,016,867","5,830,493"
,,Directed,"8,025,903","5,830,493"
,,Directed,"8,030,361","5,830,493"
,,Directed,"8,114,427","5,830,493"
,,Directed,"8,137,686","5,830,493"
,,Directed,"8,137,702","5,830,493"
,,Directed,"8,202,539","5,830,493"
,,Directed,"8,221,780","5,830,493"
,,Directed,"8,226,715","5,830,493"
,,Directed,"8,236,904","5,830,493"
,,Directed,"8,241,652","5,830,493"
,,Directed,"8,328,826","5,830,493"
,,Directed,"8,328,876","5,830,493"
,,Directed,"8,357,384","5,830,493"
,,Directed,"8,403,996","5,830,493"
,,Directed,"8,435,566","5,830,493"
,,Directed,"8,449,561","5,830,493"
,,Directed,"8,450,431","5,830,493"
,,Directed,"8,470,369","5,830,493"
,,Directed,"8,496,970","5,830,493"
,,Directed,"8,563,040","5,830,493"
,,Directed,"8,609,133","5,830,493"
,,Directed,"8,613,938","5,830,493"
,,Directed,"8,637,066","5,830,493"
,,Directed,"8,641,775","5,830,493"
,,Directed,"8,642,061","5,830,493"
,,Directed,"8,657,881","5,830,493"
,,Directed,"8,657,952","5,830,493"
,,Directed,"8,685,107","5,830,493"
,,Directed,"8,685,464","5,830,493"
,,Directed,"8,685,465","5,830,493"
,,Directed,"8,690,874","5,830,493"
,,Directed,"8,690,957","5,830,493"
,,Directed,"8,691,259","5,830,493"
,,Directed,"8,734,525","5,830,493"
,,Directed,"8,742,072","5,830,493"
,,Directed,"8,795,242","5,830,493"
,,Directed,"8,865,215","5,830,493"
,,Directed,"8,895,045","5,830,493"
,,Directed,"8,911,759","5,830,493"
,,Directed,"8,911,763","5,830,493"
,,Directed,"8,968,465","5,830,493"
,,Directed,"8,992,965","5,830,493"
,,Directed,"9,011,537","5,830,493"
,,Directed,"9,028,872","5,830,493"
,,Directed,"9,034,358","5,830,493"
,,Directed,"9,101,475","5,830,493"
,,Directed,"9,101,686","5,830,493"
,,Directed,"9,138,509","5,830,493"
,,Directed,"9,149,562","5,830,493"
,,Directed,"9,157,908","5,830,493"
,,Directed,"9,173,980","5,830,493"
,,Directed,"9,180,224","5,830,493"
,,Directed,"9,211,362","5,830,493"
,,Directed,"9,220,598","5,830,493"
,,Directed,"9,238,094","5,830,493"
,,Directed,"9,254,301","5,830,493"
,,Directed,"9,333,082","5,830,493"
,,Directed,"9,358,113","5,830,493"
,,Directed,"9,393,195","5,830,493"
,,Directed,"9,393,347","5,830,493"
,,Directed,"9,415,136","5,830,493"
,,Directed,"9,421,304","5,830,493"
,,Directed,"9,492,278","5,830,493"
,,Directed,"9,511,171","5,830,493"
,,Directed,"9,554,920","5,830,493"
,,Directed,"9,610,304","5,830,493"
,,Directed,"9,687,590","5,830,493"
,,Directed,"9,701,940","5,830,493"
,,Directed,"9,717,822","5,830,493"
,,Directed,"9,744,123","5,830,493"
,,Directed,"6,040,196","5,851,670"
,,Directed,"6,719,989","5,851,670"
,,Directed,"6,776,860","5,851,670"
,,Directed,"6,903,146","5,851,670"
,,Directed,"6,949,251","5,851,670"
,,Directed,"7,357,941","5,851,670"
,,Directed,"7,390,498","5,851,670"
,,Directed,"8,173,149","5,851,670"
,,Directed,"8,685,654","5,851,670"
,,Directed,"8,765,189","5,851,670"
,,Directed,"9,265,857","5,851,670"
,,Directed,"6,368,859","5,851,833"
,,Directed,"6,376,244","5,851,833"
,,Directed,"6,428,802","5,851,833"
,,Directed,"6,479,064","5,851,833"
,,Directed,"6,482,645","5,851,833"
,,Directed,"6,514,292","5,851,833"
,,Directed,"6,528,483","5,851,833"
,,Directed,"6,547,719","5,851,833"
,,Directed,"6,576,019","5,851,833"
,,Directed,"6,660,600","5,851,833"
,,Directed,"6,753,181","5,851,833"
,,Directed,"7,112,320","5,851,833"
,,Directed,"7,429,490","5,851,833"
,,Directed,"7,569,076","5,851,833"
,,Directed,"7,572,221","5,851,833"
,,Directed,"7,806,937","5,851,833"
,,Directed,"8,128,707","5,851,833"
,,Directed,"8,337,485","5,851,833"
,,Directed,"8,680,498","5,851,833"
,,Directed,"8,940,292","5,851,833"
,,Directed,"9,271,824","5,851,833"
,,Directed,"9,534,203","5,851,833"
,,Directed,"9,580,688","5,851,833"
,,Directed,"6,429,280","5,880,254"
,,Directed,"7,049,357","5,880,254"
,,Directed,"7,998,888","5,880,254"
,,Directed,"8,147,965","5,880,254"
,,Directed,"8,188,185","5,880,254"
,,Directed,"8,227,658","5,880,254"
,,Directed,"8,268,738","5,880,254"
,,Directed,"8,283,006","5,880,254"
,,Directed,"8,329,601","5,880,254"
,,Directed,"8,334,327","5,880,254"
,,Directed,"8,338,508","5,880,254"
,,Directed,"8,445,110","5,880,254"
,,Directed,"8,461,262","5,880,254"
,,Directed,"8,518,311","5,880,254"
,,Directed,"8,609,808","5,880,254"
,,Directed,"8,637,130","5,880,254"
,,Directed,"8,710,172","5,880,254"
,,Directed,"8,759,279","5,880,254"
,,Directed,"8,927,617","5,880,254"
,,Directed,"8,936,740","5,880,254"
,,Directed,"8,975,305","5,880,254"
,,Directed,"8,980,964","5,880,254"
,,Directed,"9,040,598","5,880,254"
,,Directed,"9,091,004","5,880,254"
,,Directed,"9,150,699","5,880,254"
,,Directed,"9,260,802","5,880,254"
,,Directed,"9,394,629","5,880,254"
,,Directed,"9,518,181","5,880,254"
,,Directed,"9,617,400","5,880,254"
,,Directed,"9,637,587","5,880,254"
,,Directed,"9,957,366","5,880,254"
,,Directed,"9,957,369","5,880,254"
,,Directed,"6,228,111","5,948,020"
,,Directed,"6,736,823","5,948,020"
,,Directed,"6,736,854","5,948,020"
,,Directed,"7,011,688","5,948,020"
,,Directed,"7,101,381","5,948,020"
,,Directed,"7,156,804","5,948,020"
,,Directed,"7,404,819","5,948,020"
,,Directed,"7,614,258","5,948,020"
,,Directed,"7,785,334","5,948,020"
,,Directed,"7,806,905","5,948,020"
,,Directed,"7,879,108","5,948,020"
,,Directed,"7,900,484","5,948,020"
,,Directed,"7,931,695","5,948,020"
,,Directed,"8,029,498","5,948,020"
,,Directed,"8,182,545","5,948,020"
,,Directed,"8,235,939","5,948,020"
,,Directed,"8,267,918","5,948,020"
,,Directed,"8,298,565","5,948,020"
,,Directed,"8,551,525","5,948,020"
,,Directed,"8,617,140","5,948,020"
,,Directed,"8,636,767","5,948,020"
,,Directed,"8,679,163","5,948,020"
,,Directed,"8,679,164","5,948,020"
,,Directed,"8,758,429","5,948,020"
,,Directed,"8,771,253","5,948,020"
,,Directed,"8,795,762","5,948,020"
,,Directed,"8,834,913","5,948,020"
,,Directed,"8,852,625","5,948,020"
,,Directed,"8,900,651","5,948,020"
,,Directed,"8,939,933","5,948,020"
,,Directed,"8,956,373","5,948,020"
,,Directed,"9,050,402","5,948,020"
,,Directed,"9,072,586","5,948,020"
,,Directed,"9,107,979","5,948,020"
,,Directed,"9,220,596","5,948,020"
,,Directed,"9,415,142","5,948,020"
,,Directed,"9,433,516","5,948,020"
,,Directed,"9,446,226","5,948,020"
,,Directed,"9,456,860","5,948,020"
,,Directed,"9,486,338","5,948,020"
,,Directed,"9,486,431","5,948,020"
,,Directed,"9,510,856","5,948,020"
,,Directed,"9,539,593","5,948,020"
,,Directed,"9,636,309","5,948,020"
,,Directed,"9,636,637","5,948,020"
,,Directed,"9,687,864","5,948,020"
,,Directed,"9,737,642","5,948,020"
,,Directed,"9,737,645","5,948,020"
,,Directed,"9,775,712","5,948,020"
,,Directed,"9,775,729","5,948,020"
,,Directed,"9,789,233","5,948,020"
,,Directed,"9,814,577","5,948,020"
,,Directed,"9,827,117","5,948,020"
,,Directed,"9,951,248","5,948,020"
,,Directed,"8,779,083","7,445,841"
,,Directed,"9,902,897","7,445,841"
,,Directed,"8,721,943","7,604,859"
,,Directed,"8,852,747","7,604,859"
,,Directed,"8,858,986","7,604,859"
,,Directed,"9,194,065","7,604,859"
,,Directed,"9,394,637","7,604,859"
,,Directed,"9,416,485","7,604,859"
,,Directed,"9,487,893","7,604,859"
,,Directed,"9,611,572","7,604,859"
,,Directed,"8,459,793","7,828,432"
,,Directed,"8,591,025","7,828,432"
,,Directed,"8,678,584","7,828,432"
,,Directed,"8,864,306","7,828,432"
,,Directed,"8,926,096","7,828,432"
,,Directed,"9,107,773","7,828,432"
,,Directed,"9,241,837","7,828,432"
,,Directed,"9,341,864","7,828,432"
,,Directed,"9,395,558","7,828,432"
,,Directed,"9,423,632","7,828,432"
,,Directed,"9,465,233","7,828,432"
,,Directed,"9,498,385","7,828,432"
,,Directed,"9,740,025","7,828,432"
,,Directed,"9,740,026","7,828,432"
,,Directed,"9,810,921","7,828,432"
,,Directed,"9,851,586","7,828,432"
,,Directed,"9,943,401","7,828,432"
,,Directed,"9,399,729","7,857,048"
,,Directed,"9,850,423","7,857,048"
,,Directed,"9,951,268","7,857,048"
,,Directed,"8,398,677","7,875,054"
,,Directed,"8,845,683","7,875,054"
,,Directed,"8,956,388","7,875,054"
,,Directed,"9,050,068","7,875,054"
,,Directed,"9,050,087","7,875,054"
,,Directed,"9,066,853","7,875,054"
,,Directed,"9,089,311","7,875,054"
,,Directed,"9,089,674","7,875,054"
,,Directed,"9,173,644","7,875,054"
,,Directed,"9,241,696","7,875,054"
,,Directed,"9,271,707","7,875,054"
,,Directed,"9,282,965","7,875,054"
,,Directed,"9,295,469","7,875,054"
,,Directed,"9,314,230","7,875,054"
,,Directed,"9,320,522","7,875,054"
,,Directed,"9,332,976","7,875,054"
,,Directed,"9,364,209","7,875,054"
,,Directed,"9,398,914","7,875,054"
,,Directed,"9,402,625","7,875,054"
,,Directed,"9,414,820","7,875,054"
,,Directed,"9,414,824","7,875,054"
,,Directed,"9,486,191","7,875,054"
,,Directed,"9,498,196","7,875,054"
,,Directed,"9,554,786","7,875,054"
,,Directed,"9,579,091","7,875,054"
,,Directed,"9,585,646","7,875,054"
,,Directed,"9,585,647","7,875,054"
,,Directed,"8,311,610","7,877,133"
,,Directed,"8,401,622","7,877,133"
,,Directed,"8,437,834","7,877,133"
,,Directed,"8,486,028","7,877,133"
,,Directed,"8,554,309","7,877,133"
,,Directed,"8,626,269","7,877,133"
,,Directed,"8,634,899","7,877,133"
,,Directed,"8,639,315","7,877,133"
,,Directed,"8,668,737","7,877,133"
,,Directed,"8,670,818","7,877,133"
,,Directed,"D715,442","7,877,133"
,,Directed,"D715,942","7,877,133"
,,Directed,"D716,450","7,877,133"
,,Directed,"D716,451","7,877,133"
,,Directed,"8,880,154","7,877,133"
,,Directed,"9,039,763","7,877,133"
,,Directed,"9,042,965","7,877,133"
,,Directed,"9,044,162","7,877,133"
,,Directed,"9,149,341","7,877,133"
,,Directed,"9,234,877","7,877,133"
,,Directed,"9,239,314","7,877,133"
,,Directed,"9,427,186","7,877,133"
,,Directed,"9,480,554","7,877,133"
,,Directed,"9,523,748","7,877,133"
,,Directed,"9,579,077","7,877,133"
,,Directed,"9,801,688","7,877,133"
,,Directed,"9,808,539","7,877,133"
,,Directed,"9,820,824","7,877,133"
,,Directed,"9,848,956","7,877,133"
,,Directed,"9,861,294","7,877,133"
,,Directed,"9,901,415","7,877,133"
,,Directed,"8,138,244","7,910,657"
,,Directed,"8,940,401","7,910,657"
,,Directed,"9,458,354","7,910,657"
,,Directed,"8,637,130","8,044,134"
,,Directed,"8,936,740","8,044,134"
,,Directed,"8,975,305","8,044,134"
,,Directed,"8,980,964","8,044,134"
,,Directed,"9,040,598","8,044,134"
,,Directed,"9,309,403","8,044,134"
,,Directed,"9,518,181","8,044,134"
,,Directed,"9,534,116","8,044,134"
,,Directed,"9,309,403","8,071,694"
,,Directed,"9,534,116","8,071,694"
,,Directed,"8,138,244","7,910,657"
,,Directed,"8,940,401","7,910,657"
,,Directed,"9,458,354","7,910,657"
,,Directed,"8,637,130","8,044,134"
,,Directed,"8,936,740","8,044,134"
,,Directed,"8,975,305","8,044,134"
,,Directed,"8,980,964","8,044,134"
,,Directed,"9,040,598","8,044,134"
,,Directed,"9,309,403","8,044,134"
,,Directed,"9,518,181","8,044,134"
,,Directed,"9,534,116","8,044,134"
,,Directed,"9,309,403","8,071,694"
,,Directed,"9,534,116","8,071,694"
,,Directed,"8,604,111","8,163,826"
,,Directed,"8,653,012","8,163,826"
,,Directed,"8,714,249","8,163,826"
,,Directed,"9,255,471","8,163,826"
,,Directed,"9,410,076","8,163,826"
,,Directed,"9,702,238","8,163,826"
,,Directed,"9,926,399","8,163,826"
,,Directed,"9,938,810","8,163,826"
,,Directed,"9,951,266","8,163,826"
,,Directed,"9,034,983","8,188,185"
,,Directed,"9,327,438","8,188,185"
,,Directed,"9,487,625","8,188,185"
,,Directed,"9,617,400","8,188,185"
,,Directed,"9,718,258","8,188,185"
,,Directed,"8,637,130","8,268,738"
,,Directed,"8,936,740","8,268,738"
,,Directed,"8,975,305","8,268,738"
,,Directed,"8,980,964","8,268,738"
,,Directed,"9,040,598","8,268,738"
,,Directed,"9,518,181","8,268,738"
,,Directed,"9,957,366","8,268,738"
,,Directed,"9,957,369","8,268,738"
,,Directed,"8,445,595","8,268,913"
,,Directed,"8,637,130","8,268,913"
,,Directed,"8,808,854","8,268,913"
,,Directed,"8,815,390","8,268,913"
,,Directed,"8,936,740","8,268,913"
,,Directed,"8,975,305","8,268,913"
,,Directed,"8,980,964","8,268,913"
,,Directed,"9,040,598","8,268,913"
,,Directed,"9,249,268","8,268,913"
,,Directed,"9,518,181","8,268,913"
,,Directed,"9,718,949","8,268,913"
,,Directed,"9,957,366","8,268,913"
,,Directed,"9,957,369","8,268,913"
,,Directed,"9,752,016","8,545,971"
,,Directed,"9,957,366","8,545,971"
,,Directed,"9,957,369","8,545,971"
,,Directed,"9,249,268","8,586,192"
,,Directed,"9,327,476","8,586,192"
,,Directed,"9,957,366","8,586,192"
,,Directed,"9,957,369","8,586,192"
,,Directed,"9,550,892","8,628,718"
,,Directed,"9,957,366","8,628,718"
,,Directed,"9,957,369","8,628,718"
,,Directed,"9,518,181","8,637,130"
,,Directed,"9,957,366","8,637,130"
,,Directed,"9,957,369","8,637,130"
,,Directed,"9,957,366","8,759,446"
,,Directed,"9,957,369","8,759,446"
,,Directed,"9,957,366","8,936,740"
,,Directed,"9,957,369","8,936,740"
,,Directed,"9,505,858","9,228,044"
,,Directed,"9,725,548","9,228,044"
,,Directed,"9,879,103","9,228,044"
